url,canonical_url,titre_listing,extrait_listing,date_listing,categorie_listing,image_listing_src,image_listing_alt,titre_article,auteur,date_publication,meta_description,categories,tags,sous_titres,sections,contenu_texte,contenu_html,nombre_mots,images_detail,liens_internes,liens_sortants,hash_contenu,version,previous_hash,date_scraping
https://www.croquepousse.com/potager-interieur/,https://www.croquepousse.com/potager-interieur/,Potager intérieur : le guide des meilleurs kits pour cultiver toute l’année,Hydroponie,2025-05-13T19:56:20+02:00,,https://www.croquepousse.com/wp-content/uploads/2025/03/Potager-interieur-768x480.jpg,Potager intérieur,,,,"Créez votre potager interieur : herbes, légumes, fleurs bio toute l'année ! Kits autonomes Véritable, Click&Grow, Yoocaa. Récoltes faciles et garanties !",,,,"[{""heading"": null, ""level"": null, ""word_count"": 1276}]","Vous rêvez d’avoir des herbes fraîches à portée de main, mais vous n’avez pas vraiment la main verte ? Bonne nouvelle : un potager d’intérieur peut transformer votre cuisine en véritable jardin gourmand, même sans balcon ! Grâce à leur éclairage intégré et leur gestion autonome de l’eau, ces potagers sont parfaits pour cultiver facilement légumes, aromates et même quelques fleurs. Découvrez notre guide des modèles les plus pratiques et imaginez déjà vos récoltes abondantes… toute l’année ! Dans cet article Résumé du classement Le marché du potager intérieur connaît un vrai boom, surtout depuis l’arrivée de kits complets à prix abordables . Idéal pour faire pousser basilic, persil et autres aromatiques bio, ces systèmes permettent même de récolter des fleurs comestibles ou des mini-légumes en appartement . Mais comment choisir parmi ces options ? Notre analyse compare l’ éclairage LED , l’adaptation aux différentes pousses, la taille des pots et même la consommation électrique. Parmi les favoris, le Potager Véritable SMART et le Smart Lilo séduisent par leurs récoltes régulières, tandis que le Tregren T3 impressionne par son réservoir à nutriments intégré. Voyons les détails : le Véritable Classic Blanc mise sur sa compacité (parfait pour les premiers essais), alors que le Botaneo EYLO attire par son prix malin et sa compatibilité avec les lingots de graines bio. Côté high-tech, les modèles connectés comme le Lilo Connect permettent de piloter l’arrosage et l’apport en nutriments depuis son smartphone. Un vrai plus pour maximiser ses récoltes sans se prendre la tête ! Signalons que certains kits proposent même des pots modulables pour alterner aromatiques, fleurs et jeunes pousses selon les saisons. A lire aussi Cultiver du basilic en hydroponie, le guide pratique Potager Véritable – Votre jardin autonome made in France (⭐4.5/5) Le Potager Véritable se présente comme un jardin d’intérieur autonome pour cultiver facilement herbes aromatiques et mini-légumes bio toute l’année . Ce kit français allie simplicité et technologie avec son système d’irrigation automatique et son éclairage LED intégré. Un vrai plus : il fonctionne jusqu’à 4 semaines sans intervention grâce à ses réservoirs d’eau et ses apports en nutriments contrôlés. Mais attention : le prix de ce potager connecté peut surprendre. Pourquoi choisir ce modèle ? D’abord pour ses performances exceptionnelles – basilic et persil poussent aussi vite qu’en terre classique. Ensuite pour sa polyvalence unique : le même pot accueille alternativement des graines de fleurs comestibles ou des plants de thym. Signalons que les Lingots Véritable (inclus dans le kit de départ) garantissent des récoltes bio sans pesticides . Acheter sur Amazon Avantages Inconvénients ✅ Simplicité d’utilisation ❌ Prix potentiellement élevé ✅ Design élégant ❌ Dépendance aux Lingots Véritable ✅ Autonome jusqu’à 4 semaines ✅ Éclairage LED adapté ✅ Fabriqué en France ✅ Possibilité de cultiver toute l’année Quel rapport qualité-prix ? Les utilisateurs apprécient particulièrement la régularité des récoltes – comptez 1 cueillette par mois pour le persil. Le pot en matériau recyclé s’intègre bien en cuisine, et les graines bio fournies évitent les mauvaises surprises. Un bémol : le remplacement des Lingots influence le coût sur la durée. Mais pour des aromatiques fraîches à portée de main , le jeu en vaut souvent la chandelle. Click & Grow Smart Garden, potager connecté pour intérieur (⭐4/5) Le Click & Grow Smart Garden révolutionne le potager d’intérieur avec son système clé en main. Ce kit permet de cultiver facilement herbes aromatiques, légumes et fleurs sans expertise en jardinage . Il utilise notamment des capsules biodégradables remplies de graines pré-semées et de nutriments optimisés . Son éclairage LED ajustable et son réservoir d’eau automatisé. A lire aussi Quel est le meilleur engrais hydroponique ? Guide d'achat et comparatif Son vrai plus ? La simplicité . Même votre basilic ou persil prospère grâce à l’apport régulier en nutriments. Le prix d’entrée reste conséquent. Signalons que les capsules bio (tomates cerise, fleurs comestibles…) offrent des récoltes savoureuses . Acheter sur Amazon Avantages Inconvénients ✅ Fonctionnement autonome ❌ Prix élevé des recharges ✅ Éclairage réglable ❌ Croissance aléatoire selon les graines ✅ Idéal pour aromates et pousses ❌ Investissement initial important ✅ Design adapté à l’intérieur ✅ Kit bio débutant inclus Yoocaa Système hydroponique (⭐4/5) Le Yoocaa se présente comme un kit malin pour créer son mini-potager d’intérieur . Grâce à son système hydroponique , vos graines de basilic ou de persil germent plus rapidement qu’en terre classique. Le secret ? Un apport continu en nutriments , avec une circulation d’air optimale. Parfait pour récolter des aromatiques même sans balcon ! Ce kit simplifie vraiment la culture : plus besoin de surveiller l’arrosage quotidien. Son éclairage LED ajustable convient particulièrement aux légumes feuilles comme les pousses d’épinards. Bon à savoir : le prix reste raisonnable pour un appareil permettant jusqu’à 12 plantes . Pour ceux qui débutent en culture hors-sol, le manuel explique bien comment positionner chaque graine dans son pot individuel . Acheter sur Amazon Avantages Inconvénients ✅ Croissance accélérée des plantes ❌ Problèmes de fiabilité signalés ✅ Convient aux petits espaces ❌ Nécessite une source d’électricité ✅ Facile à utiliser ✅ Hauteur réglable ✅ Peut accueillir jusqu’à 12 plantes En pratique, ce système permet des récoltes régulières d’herbes aromatiques . Le prix des recharges de nutriments reste d’ailleurs abordable. Signalons qu’on peut y faire pousser autre chose que du basilic : essayer des graines originales comme de la menthe ou des fleurs comestibles apporte une touche unique à vos plats maison . A lire aussi Température de l’eau en hydroponie : quelle est la température idéale ? Comparaison des produits Pour faire votre choix, il est essentiel de considérer le nombre de plantes que le potager peut accueillir, le design, les matériaux et les dimensions en fonction de votre espace. La consommation d’énergie et la durée de vie de la lampe LED sont également des critères importants. Chaque produit s’adresse à un public différent : le Potager Véritable est idéal pour ceux qui recherchent un produit fabriqué en France et facile à utiliser, le Click & Grow Smart Garden convient aux débutants en jardin age, et le Yoocaa Système de Culture hydroponique est parfait pour ceux qui souhaitent une croissance rapide des plantes grâce à l’hydroponie. Vous hésitez encore à vous lancer ? Découvrez pourquoi un potager chez soi change tout , surtout pour récolter des légumes frais toute l’année. Produit Avantages clés Public cible Potager Véritable Fabriqué en France, autonome, facile à utiliser Personnes souhaitant un produit de qualité et simple d’utilisation Click & Grow Smart Garden Simplicité d’utilisation, arrosage automatique Débutants en jardinage et personnes vivant en appartement Yoocaa Système de Culture hydroponique Croissance rapide, système hydroponique Personnes souhaitant une croissance rapide des plantes En résumé Au final, choisir un potager d’intérieur dépend surtout de vos besoins et de vos préférences . Le Potager Véritable se distingue par sa qualité de fabrication et sa simplicité. Le Click & Grow Smart Garden mise sur l’automatisation. Quant au Yoocaa , son système hydroponique accélère la croissance. Quel que soit votre choix, ces pots connectés vous offriront des produits frais et savoureux tout au long de l’année ! Et si vous adoptiez un potager intérieur pour des récoltes fraîches en toutes saisons ? Découvrez nos solutions autonomes qui simplifient le jardinage intérieur sans effort. Plus besoin d’attendre : imaginez déjà le plaisir de cuisiner vos herbes et légumes bio , une initiative savoureuse qui transforme votre quotidien ! Rédigé par David, passionné d'hydroponie et de jardinage urbain Curieux et passionné de nature depuis l’enfance, j’ai toujours aimé faire pousser toutes sortes de plantes. L’hydroponie, avec son esprit DIY et ses nombreuses possibilités, m’a ouvert de nouveaux horizons. Sur ce site, je vous livre mes astuces pour que vous puissiez, vous aussi, cultiver et récolter avec plaisir !
Laisser un commentaire Annuler la réponse","<main class=""site-main"" id=""main"">
<article class=""post-3833 post type-post status-publish format-standard has-post-thumbnail hentry category-hydroponie tag-featured"" id=""post-3833"" itemscope="""" itemtype=""https://schema.org/CreativeWork"">
<div class=""inside-article"">
<div class=""featured-image page-header-image-single"">
<img alt=""Potager intérieur"" class=""attachment-full size-full"" data-lazy-sizes=""(max-width: 800px) 100vw, 800px"" data-lazy-src=""https://www.croquepousse.com/wp-content/uploads/2025/03/Potager-interieur.jpg"" data-lazy-srcset=""https://www.croquepousse.com/wp-content/uploads/2025/03/Potager-interieur.jpg 800w, https://www.croquepousse.com/wp-content/uploads/2025/03/Potager-interieur-300x188.jpg 300w, https://www.croquepousse.com/wp-content/uploads/2025/03/Potager-interieur-768x480.jpg 768w"" decoding=""async"" fetchpriority=""high"" height=""500"" itemprop=""image"" src=""data:image/svg+xml,%3Csvg%20xmlns='http://www.w3.org/2000/svg'%20viewBox='0%200%20800%20500'%3E%3C/svg%3E"" width=""800""/>
</div> 
<div class=""entry-content"" itemprop=""text"">
<p>Vous rêvez d’avoir des herbes fraîches à portée de main, mais vous n’avez pas vraiment la main verte ? Bonne nouvelle : <strong>un potager d’intérieur</strong> peut transformer votre cuisine en véritable jardin gourmand, même sans balcon ! Grâce à leur éclairage intégré et leur gestion autonome de l’eau, ces potagers sont parfaits pour cultiver facilement légumes, aromates et même quelques fleurs. <strong>Découvrez notre guide des modèles les plus pratiques et imaginez déjà vos récoltes abondantes… toute l’année !</strong></p>
<div class=""wp-block-rank-math-toc-block"" id=""rank-math-toc""><h2>Dans cet article</h2></div>
<h2 class=""wp-block-heading"" id=""resume-du-classement"">Résumé du classement</h2>
<p>Le marché du <strong>potager intérieur</strong> connaît un vrai boom, surtout depuis l’arrivée de <strong>kits complets à prix abordables</strong>. Idéal pour faire pousser basilic, persil et autres aromatiques bio, ces systèmes permettent même de récolter des fleurs comestibles ou des <strong>mini-légumes en appartement</strong>. Mais comment choisir parmi ces options ? Notre analyse compare l’<strong>éclairage LED</strong>, l’adaptation aux différentes pousses, la taille des pots et même la consommation électrique. Parmi les favoris, le <strong>Potager Véritable SMART et le Smart Lilo</strong> séduisent par leurs récoltes régulières, tandis que le Tregren T3 impressionne par son réservoir à nutriments intégré.</p>
<p>Voyons les détails : le <strong>Véritable Classic Blanc</strong> mise sur sa compacité (parfait pour les premiers essais), alors que le <strong>Botaneo EYLO</strong> attire par son prix malin et sa compatibilité avec les lingots de graines bio. Côté high-tech, les <strong>modèles connectés comme le Lilo Connect</strong> permettent de piloter l’arrosage et l’apport en nutriments depuis son smartphone. Un vrai plus pour <strong>maximiser ses récoltes sans se prendre la tête</strong> ! Signalons que certains kits proposent même des pots modulables pour alterner aromatiques, fleurs et jeunes pousses selon les saisons.</p>
<div style=""clear:both; margin-top:0em; margin-bottom:2em;""><a class=""uf5d972f7685316cd709cd52e60b9aa0b"" href=""https://www.croquepousse.com/basilic-en-hydroponie/"" rel=""dofollow"" target=""_self""><!-- INLINE RELATED POSTS 1/3 //--><div style=""padding-left:1em; padding-right:1em;""><span class=""ctaText"">A lire aussi</span>  <span class=""postTitle"">Cultiver du basilic en hydroponie, le guide pratique</span></div></a></div><h2 class=""wp-block-heading"" id=""potager-veritable-votre-jardin-autonome-made-in-france-⭐-4-5-5"">Potager Véritable – Votre jardin autonome made in France (⭐4.5/5)</h2>
<div aria-hidden=""true"" class=""wp-block-spacer"" style=""height:40px""></div>
<figure class=""gb-block-image gb-block-image-4130a1c8""><a href=""https://amzn.to/3YINysM"" rel=""nofollow noopener""><img alt="""" class=""gb-image gb-image-4130a1c8"" data-lazy-sizes=""(max-width: 800px) 100vw, 800px"" data-lazy-src=""https://www.croquepousse.com/wp-content/uploads/2025/03/Potager-Veritable-1.jpg"" data-lazy-srcset=""https://www.croquepousse.com/wp-content/uploads/2025/03/Potager-Veritable-1.jpg 800w, https://www.croquepousse.com/wp-content/uploads/2025/03/Potager-Veritable-1-300x188.jpg 300w, https://www.croquepousse.com/wp-content/uploads/2025/03/Potager-Veritable-1-768x480.jpg 768w"" decoding=""async"" height=""500"" src=""data:image/svg+xml,%3Csvg%20xmlns='http://www.w3.org/2000/svg'%20viewBox='0%200%20800%20500'%3E%3C/svg%3E"" title=""Potager Véritable"" width=""800""/></a></figure>
<p>Le Potager Véritable se présente comme un <strong>jardin d’intérieur autonome</strong> pour cultiver facilement <strong>herbes aromatiques et mini-légumes bio toute l’année</strong>. Ce kit français allie <strong>simplicité et technologie</strong> avec son système d’irrigation automatique et son éclairage LED intégré. Un vrai plus : il fonctionne <strong>jusqu’à 4 semaines sans intervention</strong> grâce à ses réservoirs d’eau et ses apports en nutriments contrôlés.</p>
<p>Mais attention : le prix de ce potager connecté peut surprendre. Pourquoi choisir ce modèle ? D’abord pour <strong>ses performances exceptionnelles</strong> – basilic et persil poussent aussi vite qu’en terre classique. Ensuite pour <strong>sa polyvalence unique</strong> : le même pot accueille alternativement des graines de fleurs comestibles ou des plants de thym. Signalons que les Lingots Véritable (inclus dans le kit de départ) garantissent des <strong>récoltes bio sans pesticides</strong>.</p>
<div class=""gb-container gb-container-5e267527"">
<a class=""gb-button gb-button-dc25bcc8 gb-button-text"" href=""https://amzn.to/3YINysM"" rel=""nofollow noopener"">Acheter sur Amazon</a>
</div>
<figure class=""wp-block-table is-style-regular""><table class=""has-fixed-layout""><thead><tr><th>Avantages</th><th>Inconvénients</th></tr></thead><tbody><tr><td>✅ Simplicité d’utilisation</td><td>❌ Prix potentiellement élevé</td></tr><tr><td>✅ Design élégant</td><td>❌ Dépendance aux Lingots Véritable</td></tr><tr><td>✅ Autonome jusqu’à 4 semaines</td><td></td></tr><tr><td>✅ Éclairage LED adapté</td><td></td></tr><tr><td>✅ Fabriqué en France</td><td></td></tr><tr><td>✅ Possibilité de cultiver toute l’année</td><td></td></tr></tbody></table></figure>
<p>Quel rapport qualité-prix ? Les utilisateurs apprécient particulièrement <strong>la régularité des récoltes</strong> – comptez 1 cueillette par mois pour le persil. Le pot en matériau recyclé s’intègre bien en cuisine, et les graines bio fournies évitent les mauvaises surprises. Un bémol : le remplacement des Lingots influence le coût sur la durée. Mais pour <strong>des aromatiques fraîches à portée de main</strong>, le jeu en vaut souvent la chandelle.</p>
<figure class=""gb-block-image gb-block-image-31a7c615""><a href=""https://amzn.to/3YINysM"" rel=""nofollow noopener""><img alt="""" class=""gb-image gb-image-31a7c615"" data-lazy-sizes=""(max-width: 800px) 100vw, 800px"" data-lazy-src=""https://www.croquepousse.com/wp-content/uploads/2025/03/Potager-dinterieur-Veritable.jpg"" data-lazy-srcset=""https://www.croquepousse.com/wp-content/uploads/2025/03/Potager-dinterieur-Veritable.jpg 800w, https://www.croquepousse.com/wp-content/uploads/2025/03/Potager-dinterieur-Veritable-300x188.jpg 300w, https://www.croquepousse.com/wp-content/uploads/2025/03/Potager-dinterieur-Veritable-768x480.jpg 768w"" decoding=""async"" height=""500"" src=""data:image/svg+xml,%3Csvg%20xmlns='http://www.w3.org/2000/svg'%20viewBox='0%200%20800%20500'%3E%3C/svg%3E"" title=""Potager d'intérieur Véritable"" width=""800""/></a></figure>
<div aria-hidden=""true"" class=""wp-block-spacer"" style=""height:40px""></div>
<h2 class=""wp-block-heading"" id=""click-grow-smart-garden-potager-connecte-pour-interieur-⭐-4-5"">Click &amp; Grow Smart Garden, potager connecté pour intérieur (⭐4/5)</h2>
<div aria-hidden=""true"" class=""wp-block-spacer"" style=""height:40px""></div>
<figure class=""gb-block-image gb-block-image-26e00159""><a href=""https://amzn.to/3RZg99v"" rel=""nofollow noopener""><img alt="""" class=""gb-image gb-image-26e00159"" data-lazy-sizes=""(max-width: 800px) 100vw, 800px"" data-lazy-src=""https://www.croquepousse.com/wp-content/uploads/2025/03/Click-Grow.jpg"" data-lazy-srcset=""https://www.croquepousse.com/wp-content/uploads/2025/03/Click-Grow.jpg 800w, https://www.croquepousse.com/wp-content/uploads/2025/03/Click-Grow-300x188.jpg 300w, https://www.croquepousse.com/wp-content/uploads/2025/03/Click-Grow-768x480.jpg 768w"" decoding=""async"" height=""500"" src=""data:image/svg+xml,%3Csvg%20xmlns='http://www.w3.org/2000/svg'%20viewBox='0%200%20800%20500'%3E%3C/svg%3E"" title=""Click &amp; Grow"" width=""800""/></a></figure>
<p>Le Click &amp; Grow Smart Garden <strong>révolutionne le potager d’intérieur</strong> avec son système clé en main. Ce kit permet de cultiver facilement <strong>herbes aromatiques, légumes et fleurs sans expertise en jardinage</strong>. Il utilise notamment des capsules biodégradables remplies de <strong>graines pré-semées et de nutriments optimisés</strong>. Son éclairage LED ajustable et son réservoir d’eau automatisé.</p>
<div style=""clear:both; margin-top:0em; margin-bottom:2em;""><a class=""ubf91cea3aa5af00fdc9ebf26593800d0"" href=""https://www.croquepousse.com/meilleur-engrais-hydroponique/"" rel=""dofollow"" target=""_self""><!-- INLINE RELATED POSTS 2/3 //--><div style=""padding-left:1em; padding-right:1em;""><span class=""ctaText"">A lire aussi</span>  <span class=""postTitle"">Quel est le meilleur engrais hydroponique ? Guide d'achat et comparatif</span></div></a></div><p>Son vrai plus ? <strong>La simplicité</strong>. Même votre basilic ou persil prospère grâce à l’apport régulier en nutriments. Le prix d’entrée reste conséquent. Signalons que les capsules bio (tomates cerise, fleurs comestibles…) offrent des <strong>récoltes savoureuses</strong>.</p>
<div class=""gb-container gb-container-39e11ec2"">
<a class=""gb-button gb-button-19b3182b gb-button-text"" href=""https://amzn.to/3RZg99v"" rel=""nofollow noopener"">Acheter sur Amazon</a>
</div>
<figure class=""wp-block-table""><table class=""has-fixed-layout""><thead><tr><th>Avantages</th><th>Inconvénients</th></tr></thead><tbody><tr><td>✅ <strong>Fonctionnement autonome</strong></td><td>❌ Prix élevé des recharges</td></tr><tr><td>✅ Éclairage réglable</td><td>❌ <strong>Croissance aléatoire selon les graines</strong></td></tr><tr><td>✅ <strong>Idéal pour aromates et pousses</strong></td><td>❌ Investissement initial important</td></tr><tr><td>✅ Design adapté à l’intérieur</td><td></td></tr><tr><td>✅ Kit bio débutant inclus</td><td></td></tr></tbody></table></figure>
<div aria-hidden=""true"" class=""wp-block-spacer"" style=""height:40px""></div>
<h2 class=""wp-block-heading"" id=""yoocaa-systeme-hydroponique-⭐-4-5"">Yoocaa Système hydroponique (⭐4/5)</h2>
<div aria-hidden=""true"" class=""wp-block-spacer"" style=""height:40px""></div>
<figure class=""gb-block-image gb-block-image-17abe6a2""><a href=""https://amzn.to/3QSRWAQ"" rel=""nofollow noopener""><img alt="""" class=""gb-image gb-image-17abe6a2"" data-lazy-sizes=""(max-width: 800px) 100vw, 800px"" data-lazy-src=""https://www.croquepousse.com/wp-content/uploads/2025/03/Yoocaa.jpg"" data-lazy-srcset=""https://www.croquepousse.com/wp-content/uploads/2025/03/Yoocaa.jpg 800w, https://www.croquepousse.com/wp-content/uploads/2025/03/Yoocaa-300x188.jpg 300w, https://www.croquepousse.com/wp-content/uploads/2025/03/Yoocaa-768x480.jpg 768w"" decoding=""async"" height=""500"" src=""data:image/svg+xml,%3Csvg%20xmlns='http://www.w3.org/2000/svg'%20viewBox='0%200%20800%20500'%3E%3C/svg%3E"" title=""Yoocaa"" width=""800""/></a></figure>
<p>Le Yoocaa se présente comme un kit malin pour créer son <strong>mini-potager d’intérieur</strong>. Grâce à son <strong>système hydroponique</strong>, vos graines de basilic ou de persil <strong>germent plus rapidement</strong> qu’en terre classique. Le secret ? Un <strong>apport continu en nutriments</strong>, avec une circulation d’air optimale. Parfait pour <strong>récolter des aromatiques</strong> même sans balcon !</p>
<p>Ce kit <strong>simplifie vraiment la culture</strong> : plus besoin de surveiller l’arrosage quotidien. Son <strong>éclairage LED ajustable</strong> convient particulièrement aux légumes feuilles comme les pousses d’épinards. Bon à savoir : le prix reste raisonnable pour un appareil permettant <strong>jusqu’à 12 plantes</strong>. Pour ceux qui débutent en culture hors-sol, le manuel explique bien comment positionner chaque graine dans son <strong>pot individuel</strong>.</p>
<div class=""gb-container gb-container-4a0b6958"">
<a class=""gb-button gb-button-290e0359 gb-button-text"" href=""https://amzn.to/3QSRWAQ"" rel=""nofollow noopener"">Acheter sur Amazon</a>
</div>
<figure class=""wp-block-table""><table class=""has-fixed-layout""><thead><tr><th>Avantages</th><th>Inconvénients</th></tr></thead><tbody><tr><td>✅ <strong>Croissance accélérée des plantes</strong></td><td>❌ Problèmes de fiabilité signalés</td></tr><tr><td>✅ Convient aux petits espaces</td><td>❌ Nécessite une source d’électricité</td></tr><tr><td>✅ Facile à utiliser</td><td></td></tr><tr><td>✅ Hauteur réglable</td><td></td></tr><tr><td>✅ Peut accueillir jusqu’à 12 plantes</td><td></td></tr></tbody></table></figure>
<p>En pratique, ce système permet des <strong>récoltes régulières d’herbes aromatiques</strong>. Le prix des recharges de nutriments reste d’ailleurs abordable. Signalons qu’on peut y faire pousser autre chose que du basilic : <strong>essayer des graines originales</strong> comme de la menthe ou des fleurs comestibles apporte une touche unique à vos <strong>plats maison</strong>.</p>
<div style=""clear:both; margin-top:0em; margin-bottom:2em;""><a class=""uac3c854f9a79571415137f205a1dca9b"" href=""https://www.croquepousse.com/temperature-eau-hydroponie/"" rel=""dofollow"" target=""_self""><!-- INLINE RELATED POSTS 3/3 //--><div style=""padding-left:1em; padding-right:1em;""><span class=""ctaText"">A lire aussi</span>  <span class=""postTitle"">Température de l’eau en hydroponie : quelle est la température idéale ?</span></div></a></div><h2 class=""wp-block-heading"" id=""comparaison-des-produits"">Comparaison des produits</h2>
<p>Pour faire votre choix, il est essentiel de considérer le nombre de <strong>plantes</strong> que le <strong>potager</strong> peut accueillir, le design, les matériaux et les dimensions en fonction de votre espace. La consommation d’énergie et la durée de vie de la lampe <strong>LED</strong> sont également des critères importants. Chaque produit s’adresse à un public différent : le Potager Véritable est idéal pour ceux qui recherchent un produit fabriqué en France et facile à utiliser, le Click &amp; Grow Smart Garden convient aux débutants en <strong>jardin</strong>age, et le Yoocaa Système de <strong>Culture</strong> hydroponique est parfait pour ceux qui souhaitent une <strong>croissance</strong> rapide des <strong>plantes</strong> grâce à l’hydroponie. Vous hésitez encore à vous lancer ? <a href=""https://www.croquepousse.com/jardin-interieur/"">Découvrez pourquoi un potager chez soi change tout</a>, surtout pour récolter des légumes frais toute l’année.</p>
<figure class=""wp-block-table""><table class=""has-fixed-layout""><thead><tr><th>Produit</th><th>Avantages clés</th><th>Public cible</th></tr></thead><tbody><tr><td>Potager Véritable</td><td>Fabriqué en France, autonome, facile à utiliser</td><td>Personnes souhaitant un <strong>produit de qualité et simple d’utilisation</strong></td></tr><tr><td>Click &amp; Grow Smart Garden</td><td><strong>Simplicité d’utilisation, arrosage automatique</strong></td><td>Débutants en jardinage et personnes vivant en appartement</td></tr><tr><td>Yoocaa Système de Culture hydroponique</td><td>Croissance rapide, <strong>système hydroponique</strong></td><td>Personnes souhaitant une <strong>croissance rapide des plantes</strong></td></tr></tbody></table></figure>
<h2 class=""wp-block-heading"" id=""en-resume"">En résumé</h2>
<p>Au final, choisir un potager d’intérieur dépend surtout de <strong>vos besoins et de vos préférences</strong>. Le <strong>Potager Véritable</strong> se distingue par sa qualité de fabrication et sa simplicité. Le <strong>Click &amp; Grow Smart Garden</strong> mise sur l’automatisation. Quant au <strong>Yoocaa</strong>, son système hydroponique accélère la croissance. Quel que soit votre choix, ces pots connectés vous offriront des produits frais et savoureux tout au long de <strong>l’année</strong> !</p>
<p>Et si vous adoptiez un <strong>potager intérieur</strong> pour des récoltes <strong>fraîches en toutes saisons</strong> ? Découvrez nos <strong>solutions autonomes</strong> qui simplifient le jardinage intérieur sans effort. Plus besoin d’attendre : imaginez déjà le plaisir de cuisiner <strong>vos herbes et légumes bio</strong>, une initiative savoureuse qui transforme votre quotidien !</p>
</div>
<div class=""gb-container gb-container-47542c11"">
<div class=""gb-grid-wrapper gb-grid-wrapper-6b3d8bf5"">
<div class=""gb-grid-column gb-grid-column-fc42ce7b""><div class=""gb-container gb-container-fc42ce7b"">
<div class=""wp-block-image is-style-rounded"">
<figure class=""aligncenter size-full is-resized""><img alt="""" class=""wp-image-1475"" data-lazy-sizes=""(max-width: 560px) 100vw, 560px"" data-lazy-src=""https://www.croquepousse.com/wp-content/uploads/2023/02/avatar.png"" data-lazy-srcset=""https://www.croquepousse.com/wp-content/uploads/2023/02/avatar.png 560w, https://www.croquepousse.com/wp-content/uploads/2023/02/avatar-300x300.png 300w, https://www.croquepousse.com/wp-content/uploads/2023/02/avatar-150x150.png 150w"" decoding=""async"" height=""560"" src=""data:image/svg+xml,%3Csvg%20xmlns='http://www.w3.org/2000/svg'%20viewBox='0%200%20560%20560'%3E%3C/svg%3E"" style=""width:120px"" width=""560""/></figure></div>
</div></div>
<div class=""gb-grid-column gb-grid-column-b35843d8""><div class=""gb-container gb-container-b35843d8"">
<p class=""gb-headline gb-headline-4a7cb89b gb-headline-text"">Rédigé par David, passionné d'hydroponie et de jardinage urbain</p>
<p class=""gb-headline gb-headline-4cba2252 gb-headline-text"">Curieux et passionné de nature depuis l’enfance, j’ai toujours aimé faire pousser toutes sortes de plantes. L’hydroponie, avec son esprit DIY et ses nombreuses possibilités, m’a ouvert de nouveaux horizons. Sur ce site, je vous livre mes astuces pour que vous puissiez, vous aussi, cultiver et récolter avec plaisir !</p>
</div></div>
</div>
</div>
<p></p>
</div>
</article>
<div class=""comments-area"">
<div id=""comments"">
<div class=""comment-respond"" id=""respond"">
<h3 class=""comment-reply-title"" id=""reply-title"">Laisser un commentaire <small><a href=""/potager-interieur/#respond"" id=""cancel-comment-reply-link"" rel=""nofollow"" style=""display:none;"">Annuler la réponse</a></small></h3> </div><!-- #respond -->
</div><!-- #comments -->
</div>
</main>",1276,"[{""src"": ""data:image/svg+xml,%3Csvg%20xmlns='http://www.w3.org/2000/svg'%20viewBox='0%200%20800%20500'%3E%3C/svg%3E"", ""alt"": ""Potager intérieur""}, {""src"": ""data:image/svg+xml,%3Csvg%20xmlns='http://www.w3.org/2000/svg'%20viewBox='0%200%20560%20560'%3E%3C/svg%3E"", ""alt"": """"}]","[""https://www.croquepousse.com/basilic-en-hydroponie/"", ""https://www.croquepousse.com/meilleur-engrais-hydroponique/"", ""https://www.croquepousse.com/temperature-eau-hydroponie/"", ""https://www.croquepousse.com/jardin-interieur/""]","[""https://amzn.to/3YINysM"", ""https://amzn.to/3RZg99v"", ""https://amzn.to/3QSRWAQ""]",c1fcbe98bff9156b0bc2386ad91e79b3,1,,2025-10-05T20:39:52.991439+00:00
